"ID","Length","Dir","A","B","CONUM","DISTANCE","SCREENLINE","NUM_LANES","TWOWAY","DIRCODE","LOCATION","SEGID","CARTOLL","SVCMINUTES","SVCSECONDS","FTC2","DIVIDED","LEFTTURN","TDSECID","HOT","REVERSIBLE","ISTOLL","COUNT10","ISRCTOLLLI","ISREQTLINK","FTG","ATG","CNT10_EA","CNT10_AM","CNT10_MID","CNT10_PM","CNT10_EVE","CNT10_TRK","LOCTN","AM_VCLOSE","OF_VCLOSE","PM_VCLOSE","CYCLELENGT","RMPMTRIND","RIGHTTURN","AUXLNDIST","FTC1","CAPACITY_D","CAPACITY","CONFAC24H","BPRCOEFFIC","BPREXPONEN","CONFACAMP","CONFACPMP","CONFACOFP","LOSCCAP","LOSCCAP_AM","LOSCCAP_PM","LOSCCAP_OF","TOLL_ACC","TOLL_DEC","RCTOLL","FFSPD","POSTEDSPEE","FREEFLOWSP","POSTEDTIME","FREEFLOWTI","TIME","NB_95X","SB_95X","AM_CONGTIM","OF_CONGTIM","PM_CONGTIM","AM_TRK","PM_TRK","OF_TRK","DAY_V_1","EA_V_1","AM_V_1","MD_V_1","PM_V_1","EV_V_1","AM_V","MD_V","PM_V","EV_V","EA_V","DAY_TRK","AM_DAVOL","AM_SR2VOL","AM_SR3VOL","PM_DAVOL","PM_SR2VOL","PM_SR3VOL","OF_DAVOL","OF_SR2VOL","OF_SR3VOL","CNT_TOT","CNT_Diff","pb_count_locations","index_label"
2405,0.243177,0,1212,1214,3,0.243200,99,3,1,0,3,719,0.000000,0,0,41,1,1,0,0,0,0,27500,0,0,4,4,2641,2126,7485,9916,5333,0,1071,0.270360,0.650110,1.292020,90,0,0,0,40,2706.000000,2859.000000,0.083920,0.550000,5.050000,0.343330,0.343330,0.115000,2573.100000,7494.538570,7494.538570,22374.783200,0,0,0.079000,34.781560,45.000000,34.780000,0.324270,0.419550,0.419550,0,0,0.419860,0.445780,1.261070,214.648330,352.211820,860.416750,29658.613280,3142.223140,1825.105470,8072.237790,10905.591800,5713.454590,1932.429690,8363.958980,11081.697270,5778.908690,3215.256100,1427.276860,1125.191410,338.488070,146.777710,8698.132810,1333.321900,521.925110,12916.382810,2325.942630,825.173460,27501,-1,25,7
1513,0.308637,0,898,1707,3,0.308600,99,3,1,0,3,859,0.000000,0,0,61,1,1,0,0,0,0,15000,0,0,6,3,0,0,0,0,0,0,4027,0.625000,0.516340,0.488510,60,0,0,0,60,1707.000000,1950.000000,0.086090,0.350000,4.050000,0.343330,0.343330,0.115000,1755.000000,5111.700200,5111.700200,15260.869140,0,0,0.079000,40.870580,45.000000,40.870000,0.411470,0.453050,0.453050,0,0,0.476680,0.463950,0.461760,149.838410,236.268390,261.725740,13950.741210,1731.469970,2971.966800,4449.734860,2739.626950,2057.942870,3046.885990,4530.875000,2857.760990,2084.053710,1755.082030,647.832520,2219.697270,414.285710,188.145490,2098.089840,302.862850,102.405780,6366.932130,1251.291020,359.198760,0,15000,29,
3751,0.308637,0,1707,898,3,0.308600,99,3,1,0,3,859,0.000000,0,0,61,1,1,0,0,0,0,15000,0,0,6,3,0,0,0,0,0,0,4028,0.310670,0.444650,0.371360,60,0,0,0,60,1707.000000,1950.000000,0.086090,0.350000,4.050000,0.343330,0.343330,0.115000,1755.000000,5111.700200,5111.700200,15260.869140,0,0,0.079000,39.313140,45.000000,39.310000,0.411470,0.471030,0.471030,0,0,0.472470,0.477210,0.474010,305.761230,351.735840,266.322630,9257.607420,776.714000,1361.633060,3813.958740,1996.561400,1308.740480,1514.513670,3901.815430,2172.429440,1332.356080,798.403000,923.819700,937.497250,100.053340,18.321250,1266.256350,257.819370,120.749810,4641.942380,767.565800,223.582500,0,15000,29,
2419,0.292671,0,1216,1217,3,0.292600,99,3,1,0,3,719,0.000000,0,0,41,1,1,0,0,0,0,28000,0,0,4,3,2674,6013,9694,6092,3528,0,1092,0.846590,0.783500,0.748030,90,0,0,0,40,2706.000000,2859.000000,0.083920,0.550000,5.050000,0.343330,0.343330,0.115000,2573.100000,7494.538570,7494.538570,22374.783200,0,0,0.079000,34.781560,45.000000,34.780000,0.390130,0.504770,0.504770,0,0,0.624510,0.585750,0.568860,131.447830,394.481140,812.040160,28417.156250,2791.754000,5985.287600,9814.546880,6218.598630,3606.968990,6051.011230,10080.180660,6415.839360,3678.820560,2860.289000,1337.969120,4926.036130,705.010800,222.792570,4564.150880,836.447140,423.519680,12111.460940,2388.001460,901.767460,28001,-1,26,
2417,0.338680,0,1215,1216,3,0.338700,99,3,1,0,3,719,0.000000,0,0,41,1,1,0,0,0,0,0,0,0,4,3,0,0,0,0,0,0,1094,0.730730,0.646780,0.677070,90,0,0,0,40,2706.000000,2859.000000,0.083920,0.550000,5.050000,0.343330,0.343330,0.115000,2573.100000,7494.538570,7494.538570,22374.783200,0,0,0.079000,35.505690,45.000000,35.510000,0.451600,0.572290,0.572290,0,0,0.636850,0.607150,0.616210,118.461170,355.295650,698.472720,23584.312500,2039.021000,5163.638670,8091.004390,5629.619140,2661.029050,5222.869140,8321.177730,5807.267090,2722.256100,2096.857500,1172.229490,4263.268550,586.154300,195.754820,4118.587890,739.940980,415.794980,9747.138670,1813.563350,531.880000,0,0,26,
1088,0.096577,0,654,1779,3,0.096600,99,3,1,0,3,723,0.000000,0,0,61,1,1,47,0,0,0,0,0,0,6,3,0,0,0,0,0,0,0,0.521670,0.452490,0.398050,60,0,0,0,60,1707.000000,1950.000000,0.086090,0.350000,4.050000,0.343330,0.343330,0.115000,1755.000000,5111.700200,5111.700200,15260.869140,0,0,0.079000,25.949140,30.000000,25.950000,0.193200,0.223350,0.223350,0,0,0.228960,0.226500,0.225230,142.391390,119.589940,294.235290,10977.121090,1137.221000,2471.928470,3857.040040,2268.770020,1242.161620,2543.124020,3970.602540,2328.564940,1256.349240,1156.588500,556.216610,1930.716670,302.602260,96.218090,1540.305300,374.212460,234.662260,4511.057620,1018.038570,413.091340,0,0,1,
3427,0.067301,0,1557,1562,3,0.067200,99,2,1,0,3,859,0.000000,0,0,61,1,1,0,0,0,0,0,0,0,6,3,0,0,0,0,0,0,4033,0.930040,0.701640,0.840710,60,0,0,0,60,1138.000000,1300.000000,0.086090,0.350000,4.050000,0.343330,0.343330,0.115000,1170.000000,3407.800050,3407.800050,10173.913090,0,0,0.079000,37.349340,45.000000,37.350000,0.089600,0.107950,0.107950,0,0,0.136120,0.116950,0.126660,131.882370,188.129390,209.253360,13478.256840,1410.948000,2956.686770,4045.933840,3184.718990,1879.968990,3022.627930,4104.600100,3278.783690,1901.049800,1435.827510,529.265140,2168.985350,454.383700,201.435490,2493.138430,353.127500,150.323730,5583.077150,1201.477420,343.042790,0,0,30,
3437,0.067301,0,1562,1557,3,0.067200,99,2,1,0,3,859,0.000000,0,0,61,1,1,0,0,0,0,0,0,0,6,3,0,0,0,0,0,0,4034,0.753580,0.735420,0.828080,60,0,0,0,60,1138.000000,1300.000000,0.086090,0.350000,4.050000,0.343330,0.343330,0.115000,1170.000000,3407.800050,3407.800050,10173.913090,0,0,0.079000,37.349340,45.000000,37.350000,0.089600,0.107950,0.107950,0,0,0.119970,0.118840,0.125550,351.509250,452.607420,349.713930,12034.424800,969.385000,2273.366210,4187.416500,3003.202640,1601.054200,2449.120610,4302.222170,3229.506100,1629.312620,1001.178000,1153.830570,1695.908330,187.361330,38.587260,1950.335210,422.473050,177.786800,5180.556640,904.719790,322.865510,0,0,30,
3436,0.186729,0,1561,1562,3,0.186640,99,2,1,0,3,859,0.000000,0,0,61,1,1,0,0,0,0,11950,0,0,6,3,917,2495,3468,3807,1263,0,0,0.753580,0.735420,0.828080,60,0,0,0,60,1138.000000,1300.000000,0.086090,0.350000,4.050000,0.343330,0.343330,0.115000,1170.000000,3407.800050,3407.800050,10173.913090,0,0,0.079000,37.349340,45.000000,37.350000,0.248850,0.299820,0.299820,0,0,0.333190,0.330050,0.348700,351.509250,452.607420,349.713930,12034.424800,969.385000,2273.366210,4187.416500,3003.202640,1601.054200,2449.120610,4302.222170,3229.506100,1629.312620,1001.178000,1153.830570,1695.908330,187.361330,38.587260,1950.335210,422.473050,177.786800,5180.556640,904.719790,322.865510,11950,0,30,
3438,0.186729,0,1562,1561,3,0.186640,99,2,1,0,3,859,0.000000,0,0,61,1,1,0,0,0,0,11950,0,0,6,3,750,2971,3679,3448,1103,0,0,0.930040,0.701640,0.840710,60,0,0,0,60,1138.000000,1300.000000,0.086090,0.350000,4.050000,0.343330,0.343330,0.115000,1170.000000,3407.800050,3407.800050,10173.913090,0,0,0.079000,37.349340,45.000000,37.350000,0.248850,0.299820,0.299820,0,0,0.378050,0.324810,0.351790,131.882370,188.129390,209.253360,13478.256840,1410.948000,2956.686770,4045.933840,3184.718990,1879.968990,3022.627930,4104.600100,3278.783690,1901.049800,1435.827510,529.265140,2168.985350,454.383700,201.435490,2493.138430,353.127500,150.323730,5583.077150,1201.477420,343.042790,11951,-1,30,
3467,0.207048,0,1584,1707,3,0.207000,99,3,1,0,3,859,0.000000,0,0,61,1,1,0,0,0,0,0,0,0,6,3,0,0,0,0,0,0,4030,0.314830,0.401380,0.391020,60,0,0,0,60,1707.000000,1950.000000,0.086090,0.350000,4.050000,0.343330,0.343330,0.115000,1755.000000,5111.700200,5111.700200,15260.869140,0,0,0.079000,40.870580,45.000000,40.870000,0.276000,0.303890,0.303890,0,0,0.304880,0.306530,0.306260,309.078250,344.739410,252.300610,8925.130860,775.590000,1380.250120,3442.037840,2115.092530,1212.160520,1534.789180,3522.094480,2287.462160,1232.537110,801.307000,906.118290,940.653200,110.557340,19.961260,1274.260250,356.941040,139.151810,4121.046390,791.846800,264.594510,0,0,29,
3752,0.207048,0,1707,1584,3,0.207000,99,3,1,0,3,859,0.000000,0,0,61,1,1,0,0,0,0,0,0,0,6,3,0,0,0,0,0,0,4029,0.635550,0.525210,0.629580,60,0,0,0,60,1707.000000,1950.000000,0.086090,0.350000,4.050000,0.343330,0.343330,0.115000,1755.000000,5111.700200,5111.700200,15260.869140,0,0,0.079000,39.313140,45.000000,39.310000,0.276000,0.315950,0.315950,0,0,0.333590,0.324100,0.332930,143.166400,243.665410,227.268740,15042.639650,1688.718020,3026.736820,4542.223630,3561.203130,2223.757810,3098.320070,4608.717290,3683.035890,2245.959720,1713.656980,614.100520,2218.711180,460.840700,204.018490,2742.812500,414.554500,160.170730,6432.418950,1392.001950,403.009770,0,0,29,
1735,0.510812,0,983,984,3,0.510800,99,3,1,0,3,723,0.000000,0,0,41,1,1,47,0,0,0,0,0,0,4,3,0,0,0,0,0,0,1004,0.272030,0.277870,0.341720,60,0,0,0,40,2706.000000,2859.000000,0.083920,0.550000,5.050000,0.343330,0.343330,0.115000,2573.100000,7494.538570,7494.538570,22374.783200,0,0,0.079000,34.099840,40.000000,34.100000,0.766200,0.898770,0.898770,0,0,0.899460,0.899540,0.900950,186.214860,227.303070,254.584530,10000.367190,925.710000,1851.253540,3472.056880,2817.309570,934.037110,1944.360960,3574.944090,2930.960940,943.970030,940.182000,668.102480,1423.720580,180.339370,60.978710,2003.560910,436.139740,150.305770,4046.793950,803.864500,226.560910,0,0,2,1
1737,0.300001,0,983,1601,3,0.300000,99,3,1,0,3,690,0.000000,0,0,41,1,1,43,0,0,0,0,0,0,4,3,0,0,0,0,0,0,12,0.475060,0.437840,0.353830,90,0,0,0,40,2706.000000,2859.000000,0.083920,0.550000,5.050000,0.343330,0.343330,0.115000,2573.100000,7494.538570,7494.538570,22374.783200,0,0,0.079000,31.559720,40.000000,31.560000,0.450000,0.570340,0.570340,0,0,0.577660,0.575190,0.571990,65.724010,83.445820,314.270690,14979.608400,1340.369020,3362.647460,5519.870610,2993.099610,1763.621830,3395.509520,5633.010740,3034.822510,1786.915280,1361.071040,463.440520,2648.599120,491.655580,156.668900,2119.271730,555.983580,234.398480,6265.415040,1528.110960,516.065000,0,0,23,
2439,0.251336,0,1221,1223,3,0.251300,99,3,1,0,3,719,0.000000,0,0,41,1,1,46,0,0,0,0,0,0,4,3,0,0,0,0,0,0,1080,0.779290,0.781490,0.828930,90,0,0,0,40,2706.000000,2859.000000,0.083920,0.550000,5.050000,0.343330,0.343330,0.115000,2573.100000,7494.538570,7494.538570,22374.783200,0,0,0.079000,34.565290,45.000000,34.570000,0.335070,0.436160,0.436160,0,0,0.504250,0.505230,0.529170,141.527620,472.535980,849.198000,30318.222660,3949.685000,5499.197270,9795.443360,6873.481450,4200.414060,5569.961430,10054.274410,7109.749510,4284.635250,4031.232000,1463.261600,4522.669920,630.806520,204.193330,5192.178220,831.020570,377.746770,13978.513670,2286.258060,831.573180,0,0,28,8
2443,0.249338,0,1222,1223,3,0.249300,99,2,1,0,3,690,0.000000,0,0,41,1,1,143,0,0,0,0,0,0,4,3,0,0,0,0,0,0,119,0.412060,0.730470,0.834910,90,0,0,0,40,1788.000000,1888.000000,0.083920,0.550000,5.050000,0.343330,0.343330,0.115000,1699.200000,4949.174320,4949.174320,14775.652340,0,0,0.079000,31.369400,40.000000,31.370000,0.373950,0.476820,0.476820,0,0,0.479810,0.530520,0.582270,92.304340,156.475160,335.771480,17443.855470,1690.448000,1898.775630,6084.805660,4650.704100,3119.121830,1944.927730,6206.113280,4728.941890,3144.273440,1711.874500,584.550960,1471.385620,260.969790,74.115770,3309.051030,802.942500,382.235320,7748.091800,1998.553830,811.958190,0,0,22,
2434,0.248857,0,1220,1221,3,0.248880,42,3,1,0,3,719,0.000000,0,0,41,1,1,46,0,0,0,30500,0,0,4,3,3974,5607,9999,6648,4272,2467,0,0.779290,0.781490,0.828930,90,0,0,0,40,2706.000000,2859.000000,0.083920,0.550000,5.050000,0.343330,0.343330,0.115000,2573.100000,7494.538570,7494.538570,22374.783200,0,0,0.079000,36.538360,45.000000,36.540000,0.331840,0.408670,0.408670,0,0,0.472460,0.473380,0.495810,141.527620,472.535980,849.198000,30318.222660,3949.685000,5499.197270,9795.443360,6873.481450,4200.414060,5569.961430,10054.274410,7109.749510,4284.635250,4031.232000,1463.261600,4522.669920,630.806520,204.193330,5192.178220,831.020570,377.746770,13978.513670,2286.258060,831.573180,30500,0,28,8
2436,0.123734,0,1220,1937,3,0.123710,99,3,1,0,3,719,0.000000,0,0,41,1,1,146,0,0,0,0,0,0,4,3,0,0,0,0,0,0,0,0.602300,0.891360,1.040510,90,0,0,0,40,2706.000000,2859.000000,0.083920,0.550000,5.050000,0.343330,0.343330,0.115000,2573.100000,7494.538570,7494.538570,22374.783200,0,0,0.079000,28.990350,45.000000,28.990000,0.164950,0.256040,0.256040,0,0,0.266920,0.334820,0.428130,257.505620,289.047670,576.130190,32547.224610,1294.144000,4176.211910,11279.393550,8779.955080,7017.519040,4304.964840,11467.784180,8924.479490,7057.771970,1353.565500,1122.683470,3330.945310,482.097020,105.664000,6979.242190,1146.393310,365.271970,15678.223630,2428.207520,908.495670,0,0,27,
1736,0.239171,0,983,1222,3,0.239200,99,2,1,0,3,690,0.000000,0,0,41,1,1,143,0,0,0,18250,0,0,4,3,1664,2236,6520,4833,2997,0,13,0.361160,0.630630,0.760320,90,0,0,0,40,1788.000000,1888.000000,0.083920,0.550000,5.050000,0.343330,0.343330,0.115000,1699.200000,4949.174320,4949.174320,14775.652340,0,0,0.079000,34.092290,40.000000,34.090000,0.358800,0.421000,0.421000,0,0,0.422360,0.443570,0.479040,78.129390,129.654160,282.316930,15572.831050,1618.079000,1665.595830,5255.378420,4241.646000,2792.131840,1704.660520,5357.821780,4306.473140,2813.937010,1634.989000,490.100460,1275.242190,241.128630,71.095600,3049.399170,707.407470,355.185330,6949.923340,1713.686890,719.662050,18250,0,21,
1732,0.197414,0,982,1601,3,0.197400,99,3,1,0,3,690,0.000000,0,0,41,1,1,143,0,0,0,0,0,0,4,3,0,0,0,0,0,0,167,0.248220,0.345180,0.496040,90,0,0,0,40,2706.000000,2859.000000,0.083920,0.550000,5.050000,0.343330,0.343330,0.115000,2573.100000,7494.538570,7494.538570,22374.783200,0,0,0.079000,31.559720,40.000000,31.560000,0.296100,0.375290,0.375290,0,0,0.375470,0.376240,0.381270,49.851360,85.255540,197.964650,14356.792970,1851.694000,1749.228520,4369.681640,4211.866700,2174.322020,1774.154170,4440.849120,4254.494140,2190.486820,1863.344000,333.071530,1335.927610,295.852780,67.596720,3070.884030,735.291020,320.436000,6269.356930,1457.097780,471.278530,0,0,24,
1749,0.170864,0,986,1852,3,0.170800,99,3,1,0,3,723,0.000000,0,0,41,1,1,47,0,0,0,0,0,0,4,3,0,0,0,0,0,0,1008,0.436700,0.470580,0.500860,60,0,0,0,40,2706.000000,2859.000000,0.083920,0.550000,5.050000,0.343330,0.343330,0.115000,2573.100000,7494.538570,7494.538570,22374.783200,0,0,0.079000,34.909980,40.000000,34.910000,0.256200,0.293550,0.293550,0,0,0.296010,0.297140,0.298470,233.478330,318.996150,343.522950,15898.462890,1305.290000,3004.552250,5905.358890,4136.391110,1546.870360,3121.291260,6054.209470,4295.889160,1557.554080,1317.517460,895.997440,2390.671880,307.194430,73.207680,2921.941650,662.095460,233.358060,6699.276370,1302.219850,412.500400,0,0,3,
1762,0.261284,0,990,991,3,0.261200,99,3,1,0,3,664,0.000000,0,0,41,1,1,0,0,0,0,0,0,0,4,3,0,0,0,0,0,0,23,0.157300,0.284070,0.383560,90,0,0,0,40,2706.000000,2859.000000,0.083920,0.550000,5.050000,0.343330,0.343330,0.115000,2573.100000,7494.538570,7494.538570,22374.783200,0,0,0.079000,31.725780,40.000000,31.730000,0.391800,0.493920,0.493920,0,0,0.493940,0.494390,0.496070,92.952540,183.303500,209.254140,10512.047850,504.434000,1077.827510,3575.745850,3198.117680,2155.922610,1124.303830,3654.644040,3289.769530,2171.060790,515.024500,485.510160,745.159670,176.798320,62.917000,2269.381840,544.974550,200.457860,4710.149410,1110.937380,205.761470,0,0,31,
1764,0.344497,0,991,1229,3,0.344600,99,2,1,0,3,664,0.000000,0,0,41,1,1,0,0,0,0,17000,0,0,4,3,1272,2056,6295,4922,2456,0,25,0.475620,0.800330,0.864010,90,0,0,0,40,1788.000000,1888.000000,0.083920,0.550000,5.050000,0.343330,0.343330,0.115000,1699.200000,4949.174320,4949.174320,14775.652340,0,0,0.079000,31.911750,40.000000,31.910000,0.516900,0.647950,0.647950,0,0,0.656300,0.763670,0.818290,135.667420,172.316560,411.826290,17674.226560,1477.407000,2177.070560,6649.838380,4807.589360,2562.321290,2244.904050,6799.603520,4893.747560,2598.514890,1497.361500,719.810300,1478.135500,395.554930,167.712650,3379.491940,888.508610,367.272310,7975.869140,1806.454830,495.416200,17001,-1,31,
1765,0.255977,0,991,1592,3,0.256000,99,3,1,0,3,723,0.000000,0,0,41,1,1,47,0,0,0,26000,0,0,4,3,2087,4807,9964,6063,3078,0,1012,0.619740,0.740110,0.712470,60,0,0,0,40,2706.000000,2859.000000,0.083920,0.550000,5.050000,0.343330,0.343330,0.115000,2573.100000,7494.538570,7494.538570,22374.783200,0,0,0.079000,35.782530,40.000000,35.780000,0.384000,0.429290,0.429290,0,0,0.450370,0.480940,0.471910,155.624210,210.227010,344.405000,24757.787110,2045.323970,4351.800780,9389.904300,6005.751950,2965.006590,4429.612790,9521.897460,6110.865230,2987.759520,2062.780520,710.256230,3496.619870,549.366150,150.190600,4180.087890,1150.330810,465.106230,10538.782230,2667.172120,849.876160,25999,1,4,2
946,0.172967,0,579,996,3,0.172900,99,3,1,0,3,723,0.000000,0,0,41,1,1,147,0,0,0,25250,0,0,4,3,1867,4514,9154,6560,3156,0,1056,0.667050,0.836590,0.889420,60,0,0,0,40,2706.000000,2859.000000,0.083920,0.550000,5.050000,0.343330,0.343330,0.115000,2573.100000,7494.538570,7494.538570,22374.783200,0,0,0.079000,34.099840,40.000000,34.100000,0.259350,0.304220,0.304220,0,0,0.325880,0.372180,0.396810,112.992760,341.059660,812.755070,28728.693360,2014.646970,4711.235840,10475.464840,7458.026370,4069.319090,4767.732420,10763.127930,7628.556150,4152.706050,2049.973880,1266.807500,3760.060060,656.734440,181.448470,5613.022460,1112.198490,391.745760,11805.595700,2987.933590,953.146120,25251,-1,5,
1105,0.218208,0,659,1001,3,0.218200,99,2,1,0,3,723,0.000000,0,0,41,1,1,47,0,0,0,0,0,0,4,3,0,0,0,0,0,0,1022,0.747260,0.913110,0.997180,60,0,0,0,40,1788.000000,1888.000000,0.083920,0.550000,5.050000,0.343330,0.343330,0.115000,1699.200000,4949.174320,4949.174320,14775.652340,0,0,0.079000,34.099840,40.000000,34.100000,0.327300,0.383930,0.383930,0,0,0.432420,0.517360,0.592100,277.590120,399.016750,770.728760,20912.019530,1775.808960,3388.257570,7469.944340,5448.534180,2829.475100,3527.052490,7757.809080,5648.042480,2881.781740,1821.002080,1447.335570,2768.112060,259.504000,83.051250,3936.740230,796.208130,316.568790,9033.481450,1753.393550,517.624820,0,0,7,
1792,0.103060,0,998,999,3,0.103100,99,3,1,0,3,723,0.000000,0,0,41,1,1,47,0,0,0,22250,0,0,4,3,1882,3628,8032,5759,2949,0,1020,0.530330,0.703220,0.748540,60,0,0,0,40,2706.000000,2859.000000,0.083920,0.550000,5.050000,0.343330,0.343330,0.115000,2573.100000,7494.538570,7494.538570,22374.783200,0,0,0.079000,31.229220,40.000000,31.230000,0.154650,0.198080,0.198080,0,0,0.202510,0.216490,0.223310,312.896610,446.355990,869.929200,23802.925780,2153.685060,3634.055660,8725.364260,6197.021480,3092.800290,3790.503910,9047.297850,6420.199220,3152.935060,2206.580570,1629.181760,2940.868410,288.678280,91.612390,4441.375490,944.186160,365.103820,10441.586910,2043.944950,616.388730,22250,0,6,3
1824,0.122279,0,1007,1008,3,0.122300,99,2,1,0,3,723,0.000000,0,0,41,1,1,47,0,0,0,0,0,0,4,2,0,0,0,0,0,0,1030,0.642360,0.731410,0.805890,60,0,0,0,40,1788.000000,1888.000000,0.083920,0.550000,5.050000,0.343330,0.343330,0.115000,1699.200000,4949.174320,4949.174320,14775.652340,0,0,0.079000,31.229220,40.000000,31.230000,0.183450,0.234970,0.234970,0,0,0.248790,0.261600,0.278420,287.778750,414.246830,724.545350,16816.001950,1514.620970,2888.026610,5944.992190,4357.409670,2110.953130,3031.916020,6214.034670,4564.532710,2162.797360,1556.006960,1426.570920,2317.327150,217.913740,65.006970,3130.713380,593.215090,219.234300,7257.476070,1217.953980,370.590700,0,0,8,4
1877,0.252570,0,1022,1023,3,0.252600,99,2,1,0,3,723,0.000000,0,0,41,1,1,0,0,0,0,0,0,0,4,2,0,0,0,0,0,0,1036,0.471400,0.652560,0.788620,60,0,0,0,40,1788.000000,1888.000000,0.083920,0.550000,5.050000,0.343330,0.343330,0.115000,1699.200000,4949.174320,4949.174320,14775.652340,0,0,0.079000,31.229220,40.000000,31.230000,0.378900,0.485300,0.485300,0,0,0.491290,0.516220,0.565760,278.958250,319.642580,672.929930,18080.853520,4038.604000,2085.534180,5301.481450,4306.917480,2348.316160,2225.013180,5544.143070,4466.738770,2393.363530,4087.359620,1271.530760,1575.255740,177.201830,54.118240,3074.965330,704.642030,207.667400,9118.052730,1345.593140,551.825810,0,0,9,5
1954,0.129607,0,1042,1849,3,0.129600,99,2,1,0,3,723,0.000000,0,0,41,1,1,0,0,0,0,0,0,0,4,2,0,0,0,0,0,0,1042,0.340210,0.671050,0.759730,60,0,0,0,40,1788.000000,1888.000000,0.083920,0.550000,5.050000,0.343330,0.343330,0.115000,1699.200000,4949.174320,4949.174320,14775.652340,0,0,0.079000,35.782530,40.000000,35.780000,0.194400,0.217330,0.217330,0,0,0.217840,0.233270,0.247170,307.361080,398.134980,651.930050,15731.222660,2239.299070,1452.105350,5459.365230,4104.065430,2476.387210,1605.785890,5701.260740,4303.132810,2521.875730,2277.880130,1357.426030,976.661870,136.712190,31.370250,3083.238280,453.328190,169.364000,8178.861330,1016.620480,327.639500,0,0,10,6
2615,0.248436,0,1272,1276,3,0.248400,99,3,0,1,3,722,0.000000,0,0,61,1,1,0,0,0,0,0,0,0,6,2,0,0,0,0,0,0,4002,0.511540,0.698160,0.827120,60,0,0,0,60,2048.400000,2340.000000,0.086090,0.350000,4.050000,0.343330,0.343330,0.115000,2106.000000,6134.040040,6134.040040,18313.042970,0,0,0.079000,32.952500,30.000000,32.950000,0.496800,0.452320,0.452320,0,0,0.462800,0.489260,0.525720,409.908360,630.524780,1238.075320,19790.044920,1969.677980,2787.534180,6927.473140,5491.105470,2614.253420,2992.488530,7351.600590,5806.367680,2710.267330,2068.574460,2278.508540,1985.218630,310.192690,82.214490,3945.230710,660.332520,255.017320,8442.863280,1348.758910,481.706790,0,0,16,
1975,0.251027,0,1049,1048,3,0.251000,99,3,0,1,3,723,0.000000,0,0,61,1,1,0,0,0,0,0,0,0,6,2,0,0,0,0,0,0,1044,0.436570,0.586800,0.772910,60,0,0,0,60,2048.400000,2340.000000,0.086090,0.350000,4.050000,0.343330,0.343330,0.115000,2106.000000,6134.040040,6134.040040,18313.042970,0,0,0.079000,27.398410,30.000000,27.400000,0.502000,0.549640,0.549640,0,0,0.556340,0.571840,0.617410,366.474460,551.287110,834.060360,17279.429690,1598.599000,2370.724120,5889.719240,5150.208980,2270.178710,2553.961430,6179.004390,5425.852540,2337.726070,1658.797000,1751.821900,1595.296880,311.837890,97.115000,3769.428960,644.418270,185.074870,6989.776860,1434.724850,499.935240,0,0,11,
2637,0.297668,0,1279,1283,3,0.297600,99,3,0,1,3,722,0.000000,0,0,61,1,1,0,0,0,0,0,0,0,6,2,0,0,0,0,0,0,4004,0.582440,0.721330,0.804770,60,0,0,0,60,2048.400000,2340.000000,0.086090,0.350000,4.050000,0.343330,0.343330,0.115000,2106.000000,6134.040040,6134.040040,18313.042970,0,0,0.079000,32.952500,30.000000,32.950000,0.595200,0.541910,0.541910,0,0,0.563160,0.592430,0.620610,402.668330,564.063290,1144.055050,20073.404300,1594.697020,3205.936280,7218.377440,5367.454100,2686.938720,3407.270510,7595.642580,5649.485840,2784.097170,1692.301030,2110.786620,2387.087650,328.823240,87.357060,3955.232670,625.725100,222.433140,8627.870120,1182.007810,546.080080,0,0,17,
4257,0.109082,0,1940,1054,3,0.109100,99,3,0,1,3,723,0.000000,0,0,61,1,1,0,0,0,0,0,0,0,6,2,0,0,0,0,0,0,1046,0.263680,0.387750,0.520250,60,0,0,0,60,2048.400000,2340.000000,0.086090,0.350000,4.050000,0.343330,0.343330,0.115000,2106.000000,6134.040040,6134.040040,18313.042970,0,0,0.079000,27.398410,30.000000,27.400000,0.218200,0.238910,0.238910,0,0,0.239280,0.240710,0.244830,300.852510,532.150150,775.807620,10946.058590,1064.308960,1392.099240,3811.544190,3386.050050,1292.055910,1542.525510,4083.000490,3652.125000,1355.731930,1117.080440,1608.810300,884.326480,159.545230,47.375000,2382.848880,348.766910,122.284280,4356.574710,784.338010,251.189070,0,0,12,
2009,0.213125,0,1059,1060,3,0.213100,99,1,1,0,3,723,0.000000,0,0,61,0,1,0,0,0,0,0,0,0,6,2,0,0,0,0,0,0,1050,0.143550,0.051470,0.079880,60,0,0,0,60,551.000000,630.000000,0.086090,0.350000,4.050000,0.343330,0.343330,0.115000,567.000000,1651.472290,1651.472290,4930.434570,0,0,0.079000,27.900790,30.000000,27.900000,0.426200,0.458280,0.458280,0,0,0.458340,0.458280,0.458290,6.820470,4.939000,4.150040,515.017270,0.000000,222.680250,143.838040,148.499010,0.000000,226.090480,145.913060,150.968510,0.000000,0.000000,15.909520,169.460890,28.084730,18.314150,95.189000,36.732000,11.639000,86.895260,40.610060,12.182670,0,0,13,
2658,0.210423,0,1286,1290,3,0.210400,99,3,0,1,3,722,0.000000,0,0,61,1,1,0,0,0,0,0,0,0,6,2,0,0,0,0,0,0,4006,0.661920,0.642070,0.720760,60,0,0,0,60,2048.400000,2340.000000,0.086090,0.350000,4.050000,0.343330,0.343330,0.115000,2106.000000,6134.040040,6134.040040,18313.042970,0,0,0.079000,32.952500,30.000000,32.950000,0.420800,0.383130,0.383130,0,0,0.408340,0.405420,0.418730,330.088960,540.348020,1021.494450,19203.792970,1908.923100,3707.163090,6406.481930,4789.536130,2391.689210,3872.207280,6760.946290,5059.709960,2475.594240,1981.301030,1891.931400,2850.096920,409.080780,117.896270,3473.828610,566.328980,209.030640,8106.745610,1073.479980,505.374330,0,0,18,
2041,0.207854,0,1068,1069,3,0.207900,99,1,1,0,3,723,0.000000,0,0,61,0,1,0,0,0,0,0,0,0,6,2,0,0,0,0,0,0,1054,0.145990,0.089480,0.199930,60,0,0,0,60,551.000000,630.000000,0.086090,0.350000,4.050000,0.343330,0.343330,0.115000,567.000000,1651.472290,1651.472290,4930.434570,0,0,0.079000,27.900790,30.000000,27.900000,0.415800,0.447100,0.447100,0,0,0.447160,0.447110,0.447330,23.660070,51.121000,47.639600,875.879580,0.000000,218.102660,232.253270,352.299070,73.224620,229.932690,253.674760,377.859560,75.622920,0.000000,122.420670,173.111590,19.532480,1.798530,274.886440,18.940080,7.351550,228.610370,22.019640,7.208270,0,0,14,
2680,0.210455,0,1293,1297,3,0.210500,99,3,0,1,3,722,0.000000,0,0,61,1,1,0,0,0,0,0,0,0,6,2,0,0,0,0,0,0,4008,0.466930,0.445160,0.481440,60,0,0,0,60,2048.400000,2340.000000,0.086090,0.350000,4.050000,0.343330,0.343330,0.115000,2106.000000,6134.040040,6134.040040,18313.042970,0,0,0.079000,32.952500,30.000000,32.950000,0.421000,0.383310,0.383310,0,0,0.389450,0.388370,0.390260,196.124940,316.858670,629.523500,13347.050780,1358.200070,2633.459960,4464.462890,3221.245120,1669.682130,2731.522460,4687.525880,3379.674320,1709.892940,1409.687990,1142.507080,2095.575680,263.371000,78.388460,2514.989010,258.706820,130.690770,6041.053710,571.299440,250.468730,0,0,19,
2166,0.064921,0,1122,1128,3,0.065100,99,2,0,1,3,723,0.000000,0,0,61,1,1,0,0,0,0,0,0,0,6,1,0,0,0,0,0,0,0,0.169580,0.188530,0.164130,60,0,0,0,60,1365.600000,1560.000000,0.086090,0.350000,4.050000,0.343330,0.343330,0.115000,1404.000000,4089.360110,4089.360110,12208.695310,0,0,0.079000,27.900790,30.000000,27.900000,0.130200,0.140000,0.140000,0,0,0.140040,0.140060,0.140030,54.430990,62.047900,229.131470,3569.034670,373.948000,634.153380,1244.758670,737.091980,579.082640,661.368840,1323.497680,768.115910,597.324830,391.532500,345.610350,489.551850,73.832440,16.338110,616.191770,48.306790,10.545490,1764.073490,147.653590,56.930690,0,0,15,
2746,0.086404,0,1327,1336,3,0.070000,99,3,0,1,3,722,0.000000,0,0,61,1,1,0,0,0,0,0,0,0,6,1,0,0,0,0,0,0,4010,0.372840,0.404390,0.305140,60,0,0,0,60,2048.400000,2340.000000,0.086090,0.350000,4.050000,0.343330,0.343330,0.115000,2106.000000,6134.040040,6134.040040,18313.042970,0,0,0.079000,32.952500,30.000000,32.950000,0.140000,0.127470,0.127470,0,0,0.128290,0.128610,0.127830,161.303210,190.718000,303.336910,9800.880860,672.052000,2100.446040,4144.772460,2046.698850,836.911010,2181.097660,4258.238770,2142.057860,858.499940,688.665000,655.358150,1702.093380,189.263790,47.785630,1665.774900,89.775620,100.430400,4598.304690,546.959170,205.134640,0,0,20,
